{
  "isTerminalCase": [
    {
      "stats": {
        "moe": 0.0000011326498915094065,
        "rme": 2.852505157940605,
        "sem": 5.778825977088809e-7,
        "deviation": 0.0000053278143006729285,
        "mean": 0.00003970719871816584,
        "variance": 2.8385605222454966e-11
      },
      "times": {
        "cycle": 0.05658275817338632,
        "elapsed": 6.092,
        "period": 0.00003970719871816584,
        "timeStamp": 1641842186661
      },
      "count": 1425,
      "cycles": 5,
      "hz": 25184.35025089053,
      "meta": {
        "commit": "bae00e7",
        "version": "3.0.1",
        "mId": "b738a4eb-a638-5ab1-b9e3-2765e20b5856"
      }
    },
    {
      "stats": {
        "moe": 6.519607315807966e-7,
        "rme": 1.7906156470535697,
        "sem": 3.32633026316733e-7,
        "deviation": 0.000003173116834894861,
        "mean": 0.00003640986454315799,
        "variance": 1.0068670447893181e-11
      },
      "times": {
        "cycle": 0.053231221962096974,
        "elapsed": 6.029,
        "period": 0.00003640986454315799,
        "timeStamp": 1641842284717
      },
      "count": 1462,
      "cycles": 5,
      "hz": 27465.084326657197,
      "meta": {
        "commit": "bae00e7",
        "version": "3.0.1",
        "mId": "b738a4eb-a638-5ab1-b9e3-2765e20b5856"
      }
    },
    {
      "stats": {
        "moe": 9.623790200107154e-7,
        "rme": 2.550178493066791,
        "sem": 4.910097040870997e-7,
        "deviation": 0.000004526885795793241,
        "mean": 0.000037737712188662476,
        "variance": 2.0492695008154608e-11
      },
      "times": {
        "cycle": 0.05509705979544722,
        "elapsed": 6.06,
        "period": 0.000037737712188662476,
        "timeStamp": 1641842441222
      },
      "count": 1460,
      "cycles": 5,
      "hz": 26498.691680107455,
      "meta": {
        "commit": "bae00e7",
        "version": "3.0.1",
        "mId": "b738a4eb-a638-5ab1-b9e3-2765e20b5856"
      }
    },
    {
      "stats": {
        "moe": 0.0000015489172802735534,
        "rme": 4.010288408248109,
        "sem": 7.90263918506915e-7,
        "deviation": 0.000007328606090988637,
        "mean": 0.00003862358819599702,
        "variance": 5.3708467236875746e-11
      },
      "times": {
        "cycle": 0.0570470397654876,
        "elapsed": 6.266,
        "period": 0.00003862358819599702,
        "timeStamp": 1641842494407
      },
      "count": 1477,
      "cycles": 5,
      "hz": 25890.913990835288,
      "meta": {
        "commit": "bae00e7",
        "version": "3.0.1",
        "mId": "b738a4eb-a638-5ab1-b9e3-2765e20b5856"
      }
    }
  ],
  "isTerminalInclude": [
    {
      "stats": {
        "moe": 0.000028432562106795973,
        "rme": 33.83762268515354,
        "sem": 0.000014506409238161211,
        "deviation": 0.00009288634059098984,
        "mean": 0.00008402647659781055,
        "variance": 8.627872268385367e-9
      },
      "times": {
        "cycle": 0.12402307945836837,
        "elapsed": 5.937,
        "period": 0.00008402647659781055,
        "timeStamp": 1641842192824
      },
      "count": 1476,
      "cycles": 5,
      "hz": 11901.010734824227,
      "meta": {
        "commit": "bae00e7",
        "version": "3.0.1",
        "mId": "b738a4eb-a638-5ab1-b9e3-2765e20b5856"
      }
    },
    {
      "stats": {
        "moe": 0.0000013408707146355797,
        "rme": 3.5567244742628423,
        "sem": 6.841177115487651e-7,
        "deviation": 0.000006417592991645335,
        "mean": 0.00003769959479117328,
        "variance": 4.118549980641532e-11
      },
      "times": {
        "cycle": 0.05602159785968349,
        "elapsed": 6.008,
        "period": 0.00003769959479117328,
        "timeStamp": 1641842290798
      },
      "count": 1486,
      "cycles": 6,
      "hz": 26525.484041386382,
      "meta": {
        "commit": "bae00e7",
        "version": "3.0.1",
        "mId": "b738a4eb-a638-5ab1-b9e3-2765e20b5856"
      }
    },
    {
      "stats": {
        "moe": 0.0000011182180428802281,
        "rme": 2.971221044302487,
        "sem": 5.705194096327695e-7,
        "deviation": 0.000005382269345947619,
        "mean": 0.00003763496643995859,
        "variance": 2.8968823312327415e-11
      },
      "times": {
        "cycle": 0.05596319509621842,
        "elapsed": 6.116,
        "period": 0.00003763496643995859,
        "timeStamp": 1641842447335
      },
      "count": 1487,
      "cycles": 6,
      "hz": 26571.03472100506,
      "meta": {
        "commit": "bae00e7",
        "version": "3.0.1",
        "mId": "b738a4eb-a638-5ab1-b9e3-2765e20b5856"
      }
    },
    {
      "stats": {
        "moe": 0.0000012180227811635635,
        "rme": 3.286624877768806,
        "sem": 6.214401944712059e-7,
        "deviation": 0.0000056615896151404375,
        "mean": 0.000037059987873956695,
        "variance": 3.2053596970266047e-11
      },
      "times": {
        "cycle": 0.05584940172605274,
        "elapsed": 5.924,
        "period": 0.000037059987873956695,
        "timeStamp": 1641842500743
      },
      "count": 1507,
      "cycles": 4,
      "hz": 26983.27920130632,
      "meta": {
        "commit": "bae00e7",
        "version": "3.0.1",
        "mId": "b738a4eb-a638-5ab1-b9e3-2765e20b5856"
      }
    }
  ]
}
