{
  "sample": [
    [
      "Array.indexOf",
      {
        "stats": {
          "moe": 0.00006188366091261717,
          "rme": 8.901856580655297,
          "sem": 0.000026166452817174277,
          "deviation": 0.00007400990490648709,
          "mean": 0.000695177015625,
          "sample": [
            0.0006592224125,
            0.0006251017375,
            0.000633079,
            0.000724534475,
            0.0007800206124999999,
            0.0008234112875,
            0.0006805809875,
            0.0006354656125
          ],
          "variance": 5.477466024267263e-9
        },
        "times": {
          "cycle": 0.05561416125,
          "elapsed": 15.671,
          "period": 0.000695177015625,
          "timeStamp": 1641568538612
        },
        "count": 80,
        "cycles": 4,
        "hz": 1438.4825411711122
      }
    ],
    [
      "delete Array[i]",
      {
        "stats": {
          "moe": 0.000008258069555046011,
          "rme": 16.23627077673519,
          "sem": 0.000003491784167038482,
          "deviation": 0.000009876257051810925,
          "mean": 0.00005086186149887896,
          "sample": [
            0.00004848954743833017,
            0.000044937368467670506,
            0.00007438421169176263,
            0.00004571640744021258,
            0.000045170984942426924,
            0.00004634767493356953,
            0.00005310463064658991,
            0.00004874406643046944
          ],
          "variance": 9.754045335344502e-11
        },
        "times": {
          "cycle": 0.05742304163223435,
          "elapsed": 20.234,
          "period": 0.00005086186149887896,
          "timeStamp": 1641568554288
        },
        "count": 1129,
        "cycles": 6,
        "hz": 19661.097146867913
      }
    ],
    [
      "Array.unshift",
      {
        "stats": {
          "moe": 0.003879300673266283,
          "rme": 4.797748403159433,
          "sem": 0.00164029626776587,
          "deviation": 0.004639458456368927,
          "mean": 0.0808566925,
          "sample": [
            0.07633464,
            0.087036396,
            0.082283574,
            0.081280681,
            0.073755209,
            0.081883192,
            0.077954208,
            0.08632564
          ],
          "variance": 0.000021524574768373144
        },
        "times": {
          "cycle": 0.0808566925,
          "elapsed": 11.94,
          "period": 0.0808566925,
          "timeStamp": 1641568574525
        },
        "count": 1,
        "cycles": 1,
        "hz": 12.367560050765125
      }
    ],
    [
      "Array.push",
      {
        "stats": {
          "moe": 0.0015931502934758421,
          "rme": 1.9542241114486418,
          "sem": 0.0006736364877276287,
          "deviation": 0.0019053317141075792,
          "mean": 0.081523418125,
          "sample": [
            0.079746816,
            0.079753116,
            0.081032991,
            0.082430517,
            0.080069079,
            0.084603976,
            0.080644103,
            0.083906747
          ],
          "variance": 0.000003630288940784126
        },
        "times": {
          "cycle": 0.081523418125,
          "elapsed": 12.236,
          "period": 0.081523418125,
          "timeStamp": 1641568586469
        },
        "count": 1,
        "cycles": 1,
        "hz": 12.266414031692076
      }
    ]
  ]
}
